TotalCap,team_name,year,QB Cost,CB Cost,DE Cost,DT Cost,LB Cost,OLB Cost,P/K Cost,RB Cost,TE Cost,WR Cost,C Cost,MLB Cost,OG Cost,OT Cost,LS Cost,S Cost,Wins,Losses,Ties,Playoffs,Points For,Points Against,Off Rank Pts,Off Rank Yds,Def Rank Pts,Def Rank Yds,TO Dif Rank,Pt Dif Rank,Yd Dif Rank
117370174,49ers,2009,2947575,13103190,12773738,9538584,15953089,24751660,4158726,9315965,6031155,10912074,0,0,0,0,0,7884418,8,8,0,,330,281,18,27,4,15,5,13,24
120703542,bears,2009,11926865,10781695,15457414,11196551,21924652,22360719,4295270,4907278,4104854,10323648,0,0,0,0,0,3424596,7,9,0,,327,375,19,23,21,17,23,21,23
97821726,bengals,2009,16540460,4397200,12305198,5891647,9219489,14662580,2843540,5581106,4367785,17730434,0,0,0,0,0,4282287,10,6,0,Lost WC,305,291,22,24,6,4,18,16,16
103849777,bills,2009,3038540,13671301,22541691,10227486,5933121,9528529,3167152,5052983,1254656,21948088,0,0,0,0,0,7486230,6,10,0,,258,326,28,30,16,19,11,23,26
90342264,broncos,2009,4152392,18238265,4270396,5825726,13792880,15377503,465720,4928130,7976410,9953032,0,0,0,0,0,5361810,8,8,0,,326,324,20,15,12,7,7,18,13
99274052,browns,2009,11208913,2176541,16629241,9286129,7974128,24391082,3346240,8186862,5759779,3806740,0,0,0,0,0,6508397,5,11,0,,245,375,29,32,21,31,29,27,32
94709389,buccaneers,2009,3808334,8286472,5118134,7020280,8485550,16198128,2026760,12229560,8543613,16887812,0,0,0,0,0,6104746,3,13,0,,244,400,30,28,27,27,22,29,27
110854186,cardinals,2009,15134880,11775673,3087942,7553130,21747190,12309173,1824550,3600686,2878200,18308189,0,0,0,0,0,12634573,10,6,0,Lost Div,375,325,11,14,14,20,24,12,17
112735506,chargers,2009,15100223,9739584,11185130,9496980,17947386,13586324,3213260,17354661,7970760,5572275,0,0,0,0,0,1568923,13,3,0,Lost Div,454,320,4,10,11,16,6,5,12
78934301,chiefs,2009,16376678,3774853,5285270,7651926,11672625,13212016,1703616,2350293,1911591,10153867,0,0,0,0,0,4841566,4,12,0,,294,424,23,25,29,30,16,27,28
116605574,colts,2009,22844039,12049098,23996560,2322911,6412676,15235537,3621761,3941049,8125701,10508808,0,0,0,0,0,7547434,14,2,0,Lost SB,416,307,7,9,8,18,13,9,14
96152244,cowboys,2009,7031479,6101754,10248810,3012612,11974010,23273501,2584178,5065922,5775328,11778750,0,0,0,0,0,9305900,11,5,0,Lost Div,361,250,14,2,2,9,13,8,2
108534844,dolphins,2009,7462739,10437490,6956070,5614980,21442573,25463741,874748,12603236,2202480,5978881,0,0,0,0,0,9497906,7,9,0,,360,390,15,17,25,22,26,20,20
135065279,eagles,2009,27046801,20566713,11611620,5398530,11713256,31842985,2084560,9617183,863795,9107436,0,0,0,0,0,5212400,11,5,0,Lost WC,429,337,5,11,19,12,2,10,11
99272760,falcons,2009,13358310,5441532,13688221,8939775,6814022,9959640,4822560,8658301,6278506,17956662,0,0,0,0,0,3355231,9,7,0,,363,325,13,16,14,21,11,15,19
120848077,giants,2009,15266668,11488970,20262360,8764547,14920854,27391312,3567500,8113775,1363810,5251479,0,0,0,0,0,4456802,8,8,0,,402,427,8,8,30,13,24,19,10
99370462,jaguars,2009,12756760,7935529,12429273,12201234,6773366,18933270,2668740,10949612,1775125,8637984,0,0,0,0,0,4309569,7,9,0,,290,380,24,18,24,23,13,25,22
117770315,jets,2009,4303804,14206661,14420644,8504553,21699573,26390520,2040000,4593990,3545918,9653048,0,0,0,0,0,8411604,9,7,0,Lost Conf,348,236,17,20,1,1,16,7,5
98992655,lions,2009,9116890,11050480,9717161,3241806,13593570,22809460,3630446,6340491,1851370,12909500,0,0,0,0,0,4731481,2,14,0,,262,494,27,26,32,32,32,31,29
116540285,packers,2009,10059393,15873465,11993922,7928105,18448487,16558530,880447,7930675,2955210,17335202,0,0,0,0,0,6576849,11,5,0,Lost WC,461,297,3,6,7,2,1,2,1
103508604,panthers,2009,11290071,9914685,23346220,9701023,11916807,16854863,3693083,7934283,2499562,2959430,0,0,0,0,0,3398577,8,8,0,,315,308,21,19,9,8,8,17,15
110645593,patriots,2009,14941446,6872995,10645390,5691642,13866378,21103171,1640810,10547900,3451226,15802795,0,0,0,0,0,6081840,10,6,0,Lost WC,427,285,6,3,5,11,8,4,3
96975421,raiders,2009,14619975,11099006,5143832,9544826,11270025,15036654,5738120,9941708,2040760,8738755,0,0,0,0,0,3801760,5,11,0,,197,379,31,31,23,26,30,30,31
96662255,rams,2009,10369105,6941090,15193640,5131147,2581339,21312563,6455800,9899822,5734133,3248985,0,0,0,0,0,9794631,1,15,0,,175,436,32,29,31,29,30,32,30
105064050,ravens,2009,5847160,14093706,16187500,8792752,13365565,12818055,1551760,4740780,9357780,9914786,0,0,0,0,0,8394206,9,7,0,Lost Div,391,261,9,13,3,3,4,6,8
106200263,redskins,2009,6051240,14427375,7536788,13917655,6269536,22547245,1530920,10925433,4684021,11259528,0,0,0,0,0,7050522,4,12,0,,266,336,26,22,18,10,28,24,18
118675844,saints,2009,12465400,10802546,18563299,7464014,16286112,18121404,1161251,14461628,5622220,9833000,0,0,0,0,0,3894970,13,3,0,Won SB,510,341,1,1,20,25,3,1,9
109211795,seahawks,2009,11951042,10454859,10324121,7600585,13369310,23166984,2422480,4223744,2544377,18380147,0,0,0,0,0,4774146,5,11,0,,280,390,25,21,25,24,26,26,25
113642982,steelers,2009,14167173,9832443,10737738,9962962,14492710,17114406,2561854,8694400,6410350,9588672,0,0,0,0,0,10080274,9,7,0,,368,324,12,7,12,5,20,14,6
108161079,texans,2009,13269360,15185404,14361620,5634557,7653943,18717908,3744560,4938936,4501935,15118482,0,0,0,0,0,5034374,9,7,0,,388,333,10,4,17,13,19,11,7
115677840,titans,2009,11134564,9197656,11718660,6596840,18141813,21618320,4138520,3751410,8424970,9992723,0,0,0,0,0,10962364,8,8,0,,354,402,16,12,28,28,21,21,21
127924807,vikings,2009,15217326,12447955,14463773,13104631,17381081,19226666,3613663,8285990,7570330,9324293,0,0,0,0,0,7289099,12,4,0,Lost Conf,470,312,2,5,10,6,8,3,4
104651214,49ers,2008,12526085,20484376,4551818,5549863,12938546,16211510,2631986,7954932,5188013,9291854,0,0,0,0,0,7322231,7,9,0,,339,381,22,23,23,13,31,23,23
103378097,bears,2008,5511166,24477060,11746863,8540997,14447878,17618867,3906720,3138638,3988094,5301088,0,0,0,0,0,4700726,9,7,0,,375,350,14,26,16,21,8,17,25
96458497,bengals,2008,15213161,4191380,12037653,7578850,5930133,20390734,2362760,4263275,6853297,13931817,0,0,0,0,0,3705437,4,11,1,,204,364,32,32,19,12,20,30,26
111747816,bills,2008,4528000,7941382,21574545,9745796,8389848,25261015,3801588,3420372,2721660,19562813,0,0,0,0,0,4800797,7,9,0,,336,342,23,25,14,14,27,20,24
79856095,broncos,2008,5502500,18580960,7302640,5394775,9076073,13750180,676360,2075042,5660360,7799357,0,0,0,0,0,4037848,8,8,0,,370,448,16,2,30,29,31,25,14
116798032,browns,2008,5522123,4834996,6795329,6553199,14773771,39848782,3149120,8785600,7444677,14101770,0,0,0,0,0,4988665,4,12,0,,232,350,30,31,16,26,8,27,31
93656215,buccaneers,2008,7823561,9605249,9494463,5934760,10394216,15454748,2587200,13198185,3147156,10956007,0,0,0,0,0,5060670,9,7,0,,361,323,19,14,10,9,11,15,10
108531702,cardinals,2008,8728920,10394040,6935370,5888874,17534140,24950380,1254600,9074553,1969553,13879030,0,0,0,0,0,7922242,9,7,0,Lost SB,427,426,3,4,28,19,17,18,11
109452349,chargers,2008,11346293,8988685,10124580,5182595,23049371,16376918,2907200,10478238,7530065,9775130,0,0,0,0,0,3693274,8,8,0,Lost Div,439,347,2,11,15,25,11,7,21
76856818,chiefs,2008,4018607,10521933,3011919,7165029,14229193,16364112,1636280,7614841,5762253,4183466,0,0,0,0,0,2349185,2,14,0,,291,440,26,24,29,31,8,29,27
109784868,colts,2008,19464320,4309930,14200691,7123424,7011823,16786088,3255268,2945644,3200421,20706877,0,0,0,0,0,10780382,12,4,0,Lost WC,377,298,13,15,7,11,4,9,13
96760461,cowboys,2008,8518028,12184226,6595985,2642162,13739265,22839235,1796063,4626312,5061520,8839670,0,0,0,0,0,9917995,9,7,0,,362,365,18,13,20,8,30,19,7
82166624,dolphins,2008,5361640,9952934,7683710,7310687,16160758,11997260,687908,8855312,2141821,7182286,0,0,0,0,0,4832308,11,5,0,Lost WC,345,317,21,12,9,15,1,16,18
112870951,eagles,2008,11627137,16028298,9485470,17795890,5886472,22798615,1720040,5690913,5913345,9164687,0,0,0,0,0,6760084,9,6,1,Lost Conf,416,289,6,9,4,3,14,4,1
75422339,falcons,2008,5644117,3274243,12603066,4145280,13468199,10952999,2878600,7476744,1984730,6383572,0,0,0,0,0,6610789,11,5,0,Lost WC,391,325,10,6,11,24,21,11,19
97101038,giants,2008,15018541,7336120,10879775,5105962,9290424,19628098,2855980,6161851,1168080,15012467,0,0,0,0,0,4643740,12,4,0,Lost Div,427,294,3,7,5,5,4,3,4
113387770,jaguars,2008,13317960,12251088,9774210,8777569,11084393,20672017,1702040,9169135,4178240,12472188,0,0,0,0,0,9988930,5,11,0,,302,367,24,20,21,17,25,24,22
104695717,jets,2008,13490750,9580511,12169792,8670770,13310867,19560773,1679627,7237712,4680932,10997609,0,0,0,0,0,3316374,9,7,0,,405,356,9,16,18,16,19,12,20
93134770,lions,2008,7599960,9444386,7006790,10205132,7970226,17817995,3372626,5049392,4811040,14919187,0,0,0,0,0,4938036,0,16,0,,268,517,27,30,32,32,28,32,32
99002585,packers,2008,3128463,11897340,17709668,6491350,17855578,18585932,1004367,6112105,3714890,10169177,0,0,0,0,0,2333715,6,10,0,,419,380,5,8,22,20,6,14,17
91056238,panthers,2008,13282906,9689540,16214440,6649971,10878977,16992674,3644558,5672023,1252708,4502236,0,0,0,0,0,2276205,12,4,0,Lost Div,414,329,7,10,12,18,7,8,16
106029797,patriots,2008,15960695,4352115,15192870,4203004,15572630,18855916,1318610,8584323,1928614,13245291,0,0,0,0,0,6815729,11,5,0,,410,309,8,5,8,10,15,6,6
95296705,raiders,2008,6455785,14595322,6552670,11395146,6050920,15509494,4892858,7591761,4827393,12177676,0,0,0,0,0,5247680,5,11,0,,263,388,29,29,24,27,15,28,29
105289992,rams,2008,11980080,5542391,11583304,6868252,11990333,17557533,2740520,5686006,5806376,18384757,0,0,0,0,0,7150440,2,14,0,,232,465,30,27,31,28,23,31,28
104335041,ravens,2008,5411280,18773451,16707830,7707506,21920083,8033517,1950844,5474194,5287028,7867662,0,0,0,0,0,5201646,11,5,0,Lost Conf,385,244,11,18,3,2,3,1,5
104285625,redskins,2008,4090100,13454243,15452930,7508071,13640161,22736188,850352,9337945,4521739,8894386,0,0,0,0,0,3799510,8,8,0,,265,296,28,19,6,4,17,22,12
101294102,saints,2008,10795000,12413740,10935000,8849357,12282806,11724848,941160,12766253,5341373,10501465,0,0,0,0,0,4743100,8,8,0,,463,393,1,1,26,23,22,10,3
99975797,seahawks,2008,12368560,7570899,5668124,7826610,12939085,21134580,2351675,5614540,2658040,15415558,0,0,0,0,0,6428126,4,12,0,,294,392,25,28,25,30,25,26,30
108209527,steelers,2008,10423641,7374316,10042760,7284871,13969756,24481012,2939373,7386095,2956303,10845693,0,0,0,0,0,10505707,12,4,0,Won SB,347,223,20,22,1,1,11,5,2
97674234,texans,2008,7606720,9901812,14703600,5928597,9879803,15232471,2840080,9033065,1579680,15727245,0,0,0,0,0,5241161,8,8,0,,366,394,17,3,27,22,29,21,8
100815720,titans,2008,7266382,9830573,10518260,9263003,18129440,20712434,3512630,4460057,3948610,6161077,0,0,0,0,0,7013254,13,3,0,Lost Div,375,234,14,21,2,7,2,1,15
123639747,vikings,2008,3005980,8205860,11430958,15135068,12422331,24652600,4847133,9593440,8316240,14044208,0,0,0,0,0,11985929,10,6,0,Lost WC,379,333,12,17,13,6,24,13,9
96674503,49ers,2007,6120772,16126476,10976895,3508733,13659392,20277553,2289966,3796274,4155667,8765824,0,0,0,0,0,6996951,5,11,0,,219,364,32,32,20,25,30,29,32
102379474,bears,2007,5546120,12727099,10659287,6721255,16810735,22822751,1676280,6092735,3598386,5998180,0,0,0,0,0,9726646,7,9,0,,334,348,18,27,16,28,17,20,30
101263505,bengals,2007,14243500,6275370,14896012,7749084,6199387,19905277,2564840,8988166,3652071,13469966,0,0,0,0,0,3319832,7,9,0,,380,385,11,10,24,27,8,17,17
89733427,bills,2007,3415560,8237130,20170984,6808630,6528273,17899446,5402068,3061315,4902257,9185962,0,0,0,0,0,4121802,7,9,0,,252,354,30,30,18,31,6,25,31
83640876,broncos,2007,3265520,12729849,11804748,2375920,9965930,15704940,4050960,4931572,5580414,8567717,0,0,0,0,0,4663306,7,9,0,,320,409,21,11,28,19,13,23,15
99568855,browns,2007,2337280,11342343,8701210,7571135,14704133,28502764,2858480,5123440,4721770,11147040,0,0,0,0,0,2559260,10,6,0,,402,382,8,8,21,30,19,14,20
82313603,buccaneers,2007,7412155,12471539,13645481,2904360,10793450,11867451,2526840,7205640,2942840,6459347,0,0,0,0,0,4084500,9,7,0,Lost WC,334,270,18,18,3,2,4,9,6
103023377,cardinals,2007,13118400,8102948,13461670,6620593,7623361,19141199,1090280,11419439,1356426,12582242,0,0,0,0,0,8506819,8,8,0,,404,399,7,12,27,17,22,15,13
98488566,chargers,2007,11202240,12386255,1860200,5120360,15391713,19867140,3222720,12727750,6859665,5703690,0,0,0,0,0,4146833,11,5,0,Lost Conf,412,284,5,20,5,14,1,5,19
84418875,chiefs,2007,2742332,16227570,4222577,4181366,12855592,16512610,989691,7872865,6572570,6642468,0,0,0,0,0,5599234,4,12,0,,226,335,31,31,14,13,28,26,24
83402570,colts,2007,9057680,4033416,15771095,7135288,6394939,14944675,2966228,2264003,2299987,16163607,0,0,0,0,0,2371652,13,3,0,Lost Div,450,262,3,5,1,3,2,2,2
88912674,cowboys,2007,4749638,9347496,8046195,4347675,11673718,20776752,1403863,2081143,3815940,15207105,0,0,0,0,0,7463149,13,3,0,Lost Div,455,325,2,3,13,9,8,4,4
81415140,dolphins,2007,7334453,8897979,11831202,5210367,13305790,8635564,1323518,5031334,2699440,13680816,0,0,0,0,0,3464677,1,15,0,,267,437,26,28,30,23,22,31,27
97742288,eagles,2007,11015811,5373060,18688821,7580930,6426165,19643148,1304000,10573310,2324825,10685662,0,0,0,0,0,4126556,8,8,0,,336,300,17,6,9,10,25,11,7
82295471,falcons,2007,2791517,7688028,8996794,9098405,11182421,14416637,841343,9044635,5949988,7981980,0,0,0,0,0,4303723,4,12,0,,259,414,29,23,29,29,10,30,27
87547230,giants,2007,11517451,6331980,13376545,7823787,7961860,14317738,1754680,4385132,5182667,12848170,0,0,0,0,0,2047220,10,6,0,Won SB,373,351,14,16,17,7,26,13,11
94520797,jaguars,2007,2911040,9813860,9992400,9861810,14576980,19225285,2917811,9109980,3814460,9874370,0,0,0,0,0,2422801,11,5,0,Lost Div,411,304,6,7,10,12,6,7,8
85220976,jets,2007,8249260,8828676,14021039,8385539,9839462,11151391,1681713,5454072,3352099,10893457,0,0,0,0,0,3364268,4,12,0,,268,355,25,26,19,18,20,22,22
88832666,lions,2007,4422200,7568787,9986280,10127939,7813001,17277532,3364772,4784021,3870880,14521124,0,0,0,0,0,5096130,7,9,0,,346,444,16,19,32,32,17,24,29
92389650,packers,2007,13363140,11130720,15280208,5744390,12628053,16809143,690673,2521266,3467720,8532247,0,0,0,0,0,2222090,13,3,0,Lost Conf,435,291,4,2,6,11,10,3,5
92972939,panthers,2007,10180386,7602820,20230516,10989618,7768399,14851382,3172398,7746383,1734865,3133176,0,0,0,0,0,5562996,7,9,0,,267,347,26,29,15,16,13,21,23
100746881,patriots,2007,8089300,12053809,12134666,2734899,19103680,14722757,1066890,7000020,3926414,12066172,0,0,0,0,0,7848274,16,0,0,Lost SB,589,274,1,1,4,4,3,1,1
84112063,raiders,2007,8866480,5879285,6880620,10192000,6600040,16464879,3836652,10481476,1382010,6392833,0,0,0,0,0,7135788,4,12,0,,283,398,23,25,26,22,28,28,26
93426274,rams,2007,11328880,4305245,10073663,4811864,13872213,15126395,2169080,3205940,5046773,18343157,0,0,0,0,0,5143064,3,13,0,,263,438,28,24,31,21,27,32,25
98212625,ravens,2007,8101170,16935031,12716943,6107056,16145859,11732025,1688723,6713513,6218366,7877659,0,0,0,0,0,3976280,5,11,0,,275,384,24,22,22,6,32,26,16
96657407,redskins,2007,6607486,12850613,4478089,7769429,14441347,22810616,1297240,7643325,2207046,9957597,0,0,0,0,0,6594619,9,7,0,Lost WC,334,310,18,15,11,8,21,12,9
89590924,saints,2007,8103960,15357260,5461347,8963813,9076360,13381203,1867680,12455126,5773546,4596475,0,0,0,0,0,4554154,7,9,0,,379,388,12,4,25,26,22,19,14
88850410,seahawks,2007,10812571,5620738,3458911,9788818,10844988,17935050,2453300,8792226,2136200,12698882,0,0,0,0,0,4308726,10,6,0,Lost Div,393,291,9,9,6,15,5,8,10
97245002,steelers,2007,5614506,9458181,12249264,5484991,15982414,20927158,1589573,6159093,3366023,10402633,0,0,0,0,0,6011166,10,6,0,Lost WC,393,269,9,17,2,1,12,6,3
77607891,texans,2007,5855760,6029449,10991700,3555651,10788904,16093329,2210760,8442840,2448530,7429079,0,0,0,0,0,3761889,8,8,0,,379,384,12,14,22,24,31,17,21
88437060,titans,2007,5681484,8954525,9421056,9879191,17230285,13972832,2354550,3564820,2152832,9110350,0,0,0,0,0,6115135,10,6,0,Lost WC,301,297,22,21,8,5,16,16,12
108509494,vikings,2007,3056000,6978900,7713654,24373417,9589930,21380120,1863520,7015620,8317333,11392875,0,0,0,0,0,6828125,8,8,0,,365,311,15,13,12,20,13,10,18
78067675,49ers,2006,5890012,4066588,10187998,7741634,9234479,20993052,1618750,1860613,5686066,6286981,0,0,0,0,0,4501502,7,9,0,,298,412,24,26,32,26,23,29,27
97490661,bears,2006,4554024,9462814,10194657,5596585,13501006,26268796,1490560,9438450,2962116,8284040,0,0,0,0,0,5737613,13,3,0,Lost SB,427,255,2,15,3,5,4,2,10
98266553,bengals,2006,14661710,10902790,4739720,8814703,8532482,20246133,2062244,7322070,3048861,13094435,0,0,0,0,0,4841405,8,8,0,,373,331,8,8,17,30,6,10,18
78919924,bills,2006,4593053,12451980,6970536,5088802,16443653,10658761,2189428,6942838,2582591,7399341,0,0,0,0,0,3598941,7,9,0,,300,311,23,30,10,18,23,17,30
92702817,broncos,2006,8907200,10892263,6341497,3776860,17772858,17528931,2735390,3088613,3278332,12369943,0,0,0,0,0,6010930,9,7,0,,319,305,17,21,8,14,17,14,20
89751191,browns,2006,1654082,12533517,7118750,3529620,12822159,19858103,2334130,5334705,5313835,15359010,0,0,0,0,0,3893280,4,12,0,,238,356,30,31,22,27,31,30,32
81431963,buccaneers,2006,5240357,13478313,12439122,6236440,14520668,8452084,2259148,6618690,2849280,6811860,0,0,0,0,0,2526001,4,12,0,,211,353,31,29,21,17,30,31,29
100793004,cardinals,2006,6946654,9256475,12066740,7160758,8327373,22587385,2680085,13188417,811980,12354448,0,0,0,0,0,5412689,5,11,0,,314,389,19,18,29,29,12,25,25
96831056,chargers,2006,6504852,9573494,2193600,8398251,16293015,15383013,2641168,9275693,8837804,9667060,0,0,0,0,0,8063106,14,2,0,Lost Div,492,303,1,4,7,10,3,1,2
87563833,chiefs,2006,9197438,6976781,6056268,5314955,16432910,13851764,923580,5395966,8844230,6697151,0,0,0,0,0,7872790,9,7,0,Lost WC,331,315,15,16,11,16,10,13,17
94149978,colts,2006,11021748,4518800,13273037,10393688,7653045,17297918,2566708,4858360,2186774,17963194,0,0,0,0,0,2416706,12,4,0,Won SB,427,360,2,3,23,21,6,9,7
84846800,cowboys,2006,7005686,11215811,7390316,3617855,11365448,17434524,555280,1604357,3778248,10580295,0,0,0,0,0,10298980,9,7,0,Lost WC,425,350,4,5,20,13,15,7,9
77210098,dolphins,2006,4622714,7144104,16485795,5964688,10048040,12362099,2751461,4210414,3202407,9053756,0,0,0,0,0,1364620,6,10,0,,260,283,29,20,5,4,13,19,12
102391200,eagles,2006,10677211,8751428,19725656,7479354,7505297,21587687,2932370,7419211,3566490,5304891,0,0,0,0,0,7441605,10,6,0,Lost Div,398,328,6,2,15,15,9,8,5
92290488,falcons,2006,13941998,10002286,12986339,6445931,11123409,14537891,732580,7745718,6370353,4938880,0,0,0,0,0,3465103,7,9,0,,292,328,25,12,15,22,8,21,16
96308192,giants,2006,8476247,6296606,12789666,5635968,10931969,19553640,2463333,9736705,4910560,12988770,0,0,0,0,0,2524728,8,8,0,Lost WC,355,362,11,14,24,25,17,16,19
97510909,jaguars,2006,8422345,10948922,6356727,13477800,15273244,11590907,1880600,7745246,8206929,5994507,0,0,0,0,0,7613682,8,8,0,,371,274,9,10,4,2,15,5,4
84097668,jets,2006,8409900,7429400,13390233,10735410,9129583,9675772,1157133,7731403,2547859,12110250,0,0,0,0,0,1780725,10,6,0,Lost WC,316,295,18,25,6,20,17,12,22
83021301,lions,2006,5778700,10178934,9037763,5348320,7186573,20181972,2493080,5125649,4580905,7983105,0,0,0,0,0,5126300,3,13,0,,305,398,21,22,30,28,29,27,24
88882553,packers,2006,14508895,11220727,12496025,6959200,5470458,16435003,643926,5199699,4155557,8273863,0,0,0,0,0,3519200,8,8,0,,301,366,22,9,25,12,17,23,13
88208703,panthers,2006,5751666,6906115,19100466,8665848,10378017,14747815,2508580,7247709,2605586,4221604,0,0,0,0,0,6075297,8,8,0,,270,305,27,24,8,7,23,20,14
88884051,patriots,2006,14412370,3967030,15658013,2643430,15970828,13954712,1521235,7402700,3804684,3552761,0,0,0,0,0,5996288,12,4,0,Lost Conf,385,237,7,11,2,6,4,4,8
81870046,raiders,2006,4393880,5899977,5697346,7359716,3619834,20450471,3585690,8724031,1992809,15693168,0,0,0,0,0,4453124,2,14,0,,168,332,32,32,18,3,32,32,26
90329431,rams,2006,9462086,7714006,7680800,6591483,11250961,16370791,1876980,7338478,1459843,15912389,0,0,0,0,0,4671614,8,8,0,,367,381,10,6,28,23,2,18,11
96654615,ravens,2006,5950170,15644001,6451053,5950350,15594402,23633946,1477123,7148578,3831246,7123706,0,0,0,0,0,3850040,13,3,0,Lost Div,353,201,12,17,1,1,1,3,6
82696445,redskins,2006,7658721,6635378,6290904,4145415,7324902,21566868,2577291,6848645,2123140,9368575,0,0,0,0,0,8156606,5,11,0,,307,376,20,13,27,31,23,24,23
78465759,saints,2006,6912420,11309100,5089857,5903912,6330780,7322333,2147090,10640108,4415160,7087126,0,0,0,0,0,11307873,10,6,0,Lost Conf,413,322,5,1,13,11,22,6,1
89582906,seahawks,2006,8471510,6776859,9590493,7461086,9374123,15304188,1011060,9333106,7341534,11457947,0,0,0,0,0,3461000,9,7,0,Lost Div,335,341,14,19,19,19,27,15,21
91819730,steelers,2006,5737098,4805711,8925579,5965256,17199861,24182674,2855650,3817188,2292980,10533480,0,0,0,0,0,5504253,8,8,0,,353,315,12,7,11,9,27,11,3
89087650,texans,2006,8464381,6579703,7254220,5330500,13320927,13571474,2449680,6141771,2624324,21456910,0,0,0,0,0,1893760,6,10,0,,267,366,28,28,25,24,21,28,28
73388960,titans,2006,4640004,6985491,6898864,3782888,15779145,11639549,2268100,3773152,3629968,8410005,0,0,0,0,0,5581794,8,8,0,,324,400,16,27,31,32,13,26,31
95179266,vikings,2006,2782530,10941445,4845242,7704786,11232261,32880348,1667370,6438040,5465248,5169496,0,0,0,0,0,6052500,6,10,0,,282,327,26,23,14,8,10,22,15
78490330,49ers,2005,4990608,6183001,1539433,9740599,3952570,16394621,810890,8598423,2440083,4598726,5453563,2732270,1986689,3684516,724543,4659795,4,12,0,,239,428,30,32,30,32,27,32,32
75049877,bears,2005,2832393,5945920,11384973,4537715,0,2663540,1686054,7072110,2287626,7081799,4765356,6150510,2944670,8400860,841400,6454951,11,5,0,Lost Div,260,202,26,29,1,2,11,12,25
77394275,bengals,2005,8476578,7079229,5710749,5881786,0,6639080,1745923,9066249,3206620,7834854,1493346,3380022,3872448,7894314,584571,4528506,11,5,0,Lost WC,421,350,4,6,22,28,1,10,15
78907497,bills,2005,3068460,6218086,3992486,7724889,0,16248408,1905638,3851469,2664869,9834081,3627310,4089412,4811773,1760940,455000,8654676,5,11,0,,271,367,24,28,24,29,13,27,30
69607562,broncos,2005,3477200,6954212,10362982,3567390,1833500,2476530,2600000,2763223,1804479,8602814,4305330,4338443,3625388,7610233,485390,4800448,13,3,0,Lost Conf,395,258,7,5,3,15,2,3,5
61453298,browns,2005,2062671,7557501,6483120,1756903,0,7262975,1547590,5178193,5941875,7833074,1767054,2936180,2736710,4868442,432060,3088950,6,10,0,,232,301,32,26,11,16,23,22,26
70809612,buccaneers,2005,3002467,10442932,12458640,5354156,0,11593931,1062496,6935046,1020390,4520265,1747556,3323830,1669960,5019993,481760,2176190,11,5,0,Lost WC,300,274,20,23,8,1,9,14,16
68354261,cardinals,2005,5764023,5774074,12612422,2058813,0,2428601,3566753,5802042,1054113,8173515,1051502,1869566,911367,11815265,473970,4998235,5,11,0,,311,387,17,8,26,8,30,23,3
76211577,chargers,2005,13054947,6433558,2034930,7797400,0,5747456,1420066,11011180,3331049,6187284,1218769,7426494,3348542,2981544,819290,3399068,9,7,0,,418,312,5,10,13,13,25,7,6
82165593,chiefs,2005,9132658,8815835,4222159,7274355,0,7048252,707010,8025573,6612960,5119413,2002623,1329730,9884166,5205764,485060,6300035,10,6,0,,403,325,6,1,16,25,8,9,1
75154710,colts,2005,9397086,3534368,4383685,9332699,0,2878830,3838008,12006821,2218735,8785807,2496613,2041120,1238226,9388419,591760,3022533,14,2,0,Lost Div,439,247,2,3,2,11,4,1,2
72765235,cowboys,2005,3536406,9242783,5590576,8066130,0,6291904,821236,2093111,2636896,7461299,1571813,3376573,9976403,7712012,189412,4198681,9,7,0,,325,308,15,13,12,10,19,15,13
77907785,dolphins,2005,9268529,10793847,12756583,3924176,0,5452802,2276175,4769476,1303890,7847258,1040290,5837000,4020013,5234162,234000,3149584,9,7,0,,318,317,16,14,15,18,14,17,18
74147478,eagles,2005,9660155,7276772,7935560,5254747,0,5359361,3518410,5094660,850428,6972343,1356930,3014885,2482146,10575174,822650,3973257,6,10,0,,310,388,18,19,27,23,23,24,23
70284441,falcons,2005,8936750,8061818,9499546,4244683,0,7197747,716700,6525343,4243153,5416016,1474443,1660064,2333786,6577390,619510,2777492,8,8,0,,351,341,14,12,18,22,17,16,20
74737179,giants,2005,4707820,6985037,9054527,3789605,0,6236125,1662953,7265773,3592398,9376314,2066666,1430000,4040444,8112400,734620,5682497,11,5,0,Lost WC,422,314,3,4,14,24,4,6,8
77049196,jaguars,2005,3583785,3893596,9921206,10128500,0,2857996,1616920,4826766,4827136,10579893,2345280,4180679,2854912,5278801,645280,9508446,12,4,0,Lost WC,361,269,12,15,6,6,6,8,10
73122810,jets,2005,8008530,7108201,12338683,5314355,0,4199666,861100,8171004,1373530,6978667,6324842,3032826,1611066,5747412,565828,1487100,4,12,0,,240,355,29,31,23,12,20,28,29
78773394,lions,2005,10821950,11394162,5879061,7110892,0,2804271,2397640,4386464,1920906,12330370,2225880,3527774,5806751,4592693,311160,3263420,5,11,0,,254,345,28,27,21,20,14,25,28
67880652,packers,2005,11943733,5315024,5922058,2167150,0,5101356,2352116,9126887,3096210,6849961,2942710,1161946,2401100,6783001,476160,2241240,4,12,0,,298,344,22,18,19,7,31,20,11
73222996,panthers,2005,4538843,5420929,11621886,5609657,0,3992193,2744240,7339280,1825819,3643117,5584330,3592705,4234919,5457928,746760,6870390,11,5,0,Lost Conf,391,259,8,22,5,3,3,4,11
75724241,patriots,2005,9464400,6971057,8899053,2561780,0,11014166,3664500,4642466,3837720,5382352,1195494,5443530,2608149,5854019,605620,3579935,10,6,0,Lost Div,379,338,10,7,17,26,20,13,14
64312633,raiders,2005,4636266,15373512,3287720,5625220,0,2327019,2275690,4260231,1232480,7515461,642825,1972200,3664320,8368192,803961,2327536,4,12,0,,290,383,23,21,25,27,18,26,24
68817103,rams,2005,3947400,3885132,6603851,5760493,0,3105536,2682209,8862971,792700,14205514,1439656,2386160,2911748,7822640,662160,3748933,6,10,0,,363,429,11,9,31,30,28,21,22
77749804,ravens,2005,4413859,9586047,4292663,4030460,0,3865610,2272281,11089895,4283014,4782541,2275316,9224485,2662764,11111249,230000,3629620,6,10,0,,265,299,25,24,10,5,28,18,17
64037874,redskins,2005,5170723,6028373,4645843,5084940,0,8040346,2382301,5327586,1292265,4059428,2153393,1224761,3754010,7250545,485280,7138080,10,6,0,Lost Div,359,293,13,11,9,9,14,11,9
81398526,saints,2005,9198591,7994285,11551490,7022849,0,2334576,1851870,5100398,4561946,10175291,844150,1403580,4676284,9376263,592500,4714453,3,13,0,,235,398,31,20,28,14,31,30,19
67003225,seahawks,2005,7083084,5509648,6905814,3699566,618613,3390485,748055,8641220,3048133,8178810,2033960,1042826,4543360,8308980,595720,2654951,13,3,0,Lost SB,452,271,1,2,7,16,7,2,3
72069097,steelers,2005,6005085,4230997,6997319,2772736,0,7207989,2067780,6196130,3346547,5021211,8160899,4289216,6987957,4091939,231750,4461542,11,5,0,Won SB,389,258,9,15,3,4,9,5,7
71094615,texans,2005,9588754,5549483,8569519,2863500,0,3075389,1969680,3938944,2639683,5942030,1109792,7016532,7492193,6118974,386160,4833982,2,14,0,,260,431,26,30,32,31,25,31,31
51250792,titans,2005,8628983,5230724,2373164,2974800,0,5714892,1482050,1285038,2641005,3943967,1753623,1346680,4643824,6140612,734471,2356959,4,12,0,,299,421,21,17,29,19,20,29,21
86528311,vikings,2005,10438125,18180745,5892625,8656808,0,3855210,771760,6073349,2501664,7287975,6045037,1350593,3255572,3930772,315610,7972466,9,7,0,,306,344,19,25,19,21,12,19,27
47679143,49ers,2004,1615940,4102146,5440219,5383967,11396240,7609863,731700,3291517,1346433,3271461,0,0,0,0,852157,2637500,2,14,0,,259,452,30,26,32,24,31,32,30
69286572,bears,2004,2780598,5010374,5901890,3112916,8291812,20163091,2229100,5365863,2098966,3714400,0,0,0,0,715300,9902262,5,11,0,,231,331,32,32,13,21,23,28,32
67664184,bengals,2004,6199166,5758054,6426705,7161592,9779898,11975257,1924033,3754971,2836500,7400197,0,0,0,0,579571,3868240,8,8,0,,374,372,10,18,21,19,14,15,20
70859735,bills,2004,5992507,2545609,3659260,9101833,10360833,10913698,1666328,3693048,2230454,10552564,0,0,0,0,374135,9769466,9,7,0,,395,284,7,25,8,2,7,6,10
63544943,broncos,2004,2478250,5240997,11233868,3561415,4942680,16743965,1402059,4260409,2147794,7130139,0,0,0,0,485500,3917867,10,6,0,Lost WC,381,304,9,5,9,4,24,7,1
73563716,browns,2004,3360838,7772114,11750365,12516276,5935800,10741365,4926721,2774472,3371623,3950776,0,0,0,0,1304000,5159366,4,12,0,,276,390,27,28,24,15,26,30,28
63091381,buccaneers,2004,8041658,7582633,8620718,3358030,9752982,7780632,645113,5955113,1551229,6318774,0,0,0,0,484500,2999999,5,11,0,,301,304,23,22,9,5,24,17,12
69105060,cardinals,2004,1892233,9202882,9720038,2888454,7824725,14770115,1463866,8756818,1931268,5284065,0,0,0,0,633200,4737396,6,10,0,,284,322,26,27,12,12,18,21,26
63030647,chargers,2004,7172900,5960528,3443645,7287031,9498149,5142571,765066,9188450,806168,11157790,0,0,0,0,813600,1794749,12,4,0,Lost WC,446,313,3,10,11,18,3,3,13
78136369,chiefs,2004,6052337,7146253,4859766,5616305,12650400,15297745,401617,7598279,5764406,7156406,0,0,0,0,484100,5108755,7,9,0,,483,435,2,1,29,31,22,10,5
62638496,colts,2004,8581531,2959299,3651496,3199171,4559026,8875063,2430846,7761551,4818551,11686746,0,0,0,0,586900,3528316,12,4,0,Lost Div,522,351,1,2,19,29,1,2,7
69335957,cowboys,2004,6902939,4938797,5736900,5646850,9370518,13498177,618000,4779560,2419728,6737927,0,0,0,0,1316100,7370461,6,10,0,,293,405,25,14,27,16,28,29,16
69831676,dolphins,2004,6244584,15537022,6057083,6113224,10094132,6686414,2457841,3062594,816575,8792198,0,0,0,0,480000,3490009,4,12,0,,275,354,28,29,20,8,29,26,25
81020921,eagles,2004,9143655,6407033,13143116,6194593,9212123,14945420,1363200,3310151,1790750,11174631,0,0,0,0,817100,3519149,13,3,0,Lost SB,386,260,8,9,2,10,11,4,9
72039456,falcons,2004,8755190,6769435,11936480,3971362,8386147,11562783,1492000,6557661,1640533,6590571,0,0,0,0,614800,3762494,11,5,0,Lost Conf,340,337,16,20,14,14,17,14,17
63876190,giants,2004,4876500,4395877,9869626,4164012,3978773,8564631,1319100,8077836,2735333,8360198,0,0,0,0,729100,6805204,6,10,0,,303,347,22,23,17,13,14,22,24
64059242,jaguars,2004,8938465,5029741,3992505,4659530,4145700,8981734,1154366,6102820,4208616,9813232,0,0,0,0,485600,6546933,9,7,0,,261,280,29,21,7,11,11,18,18
65333388,jets,2004,6007554,5913305,6170325,8633302,8276242,10475950,1325666,7026187,1875000,6715129,0,0,0,0,480428,2434300,10,6,0,Lost Div,333,261,17,12,4,7,2,8,6
67027067,lions,2004,5297750,10401529,5152766,5531700,5787915,10083385,2185400,4458039,1968242,11736147,0,0,0,0,310600,4113594,6,10,0,,296,350,24,24,18,22,14,23,27
73892247,packers,2004,11297589,7976553,3729262,4663787,4865049,15984845,2731906,7934619,1849271,5060775,0,0,0,0,580494,7218097,10,6,0,Lost WC,424,380,5,3,23,25,27,11,3
65635141,panthers,2004,5712684,3513736,7378634,6148272,6424306,10019949,2499882,6235812,1504658,7338580,0,0,0,0,742000,8116628,7,9,0,,355,339,13,13,15,20,4,12,19
70383779,patriots,2004,5980450,13018257,6883822,3235400,14862872,5415353,2958777,3024411,4204406,6636292,0,0,0,0,601000,3562739,14,2,0,Won SB,437,260,4,7,2,9,8,1,4
64718974,raiders,2004,9374895,12300148,4255166,5801166,3715570,11702875,2446690,3748580,1996554,5634490,0,0,0,0,0,3742840,5,11,0,,320,442,18,17,31,30,29,31,29
68642266,rams,2004,4135092,2718866,6478128,5253633,4251522,14946298,1604276,9932944,1344000,11730889,0,0,0,0,393400,5853218,8,8,0,Lost Div,319,392,19,6,25,17,32,25,8
74144464,ravens,2004,3220150,7976644,1795100,2351200,18195205,15889617,2065286,9459716,2792563,3686051,0,0,0,0,4628900,2084032,9,7,0,,317,268,20,31,6,6,5,9,23
69220101,redskins,2004,4866233,4870967,4690633,4837168,10087379,17126892,2260598,6446596,1171491,7370479,0,0,0,0,483800,5007865,6,10,0,,240,265,31,30,5,3,20,19,14
77328674,saints,2004,6741078,6843082,10438766,6255719,7692467,11630750,1763700,2491676,2858431,15162754,0,0,0,0,564000,4886251,8,8,0,,348,405,14,15,27,32,10,24,31
76902592,seahawks,2004,8653133,5157795,9835570,3668134,10628978,17513525,965221,6516916,2406635,7357759,0,0,0,0,590200,3608726,9,7,0,Lost WC,371,373,12,8,22,26,9,16,15
66420261,steelers,2004,4111741,8027033,7314916,3202994,8527223,16117011,1357700,4931698,3317751,5212384,0,0,0,0,581900,3717910,15,1,0,Lost Conf,372,251,11,16,1,1,5,5,2
78089650,texans,2004,6605858,9109499,5818132,4811200,14554021,12224491,1929600,2716503,2805177,8789914,0,0,0,0,345200,8380055,7,9,0,,309,339,21,19,15,23,13,20,22
70919891,titans,2004,7205619,12319010,2388679,8522669,5841094,14223555,3050217,2740660,2287004,8327024,0,0,0,0,310100,3704260,5,11,0,,344,439,15,11,30,27,20,27,21
87964672,vikings,2004,3800965,14731135,5751593,5666142,6058616,14078738,4960824,3371451,6458634,11757430,0,0,0,0,235000,11094144,8,8,0,Lost Div,405,395,6,4,26,28,18,13,11
63180172,49ers,2003,7498606,3921028,4694601,9348649,7118680,10845608,539835,5166972,1942633,8974381,0,0,0,0,0,3129179,7,9,0,,384,337,9,5,21,13,4,13,6
69438906,bears,2003,4950166,7449977,8241341,5611450,10326972,11151478,2699271,2556411,3124430,7117561,0,0,0,0,0,6209849,7,9,0,,283,346,23,28,22,14,27,23,26
66936460,bengals,2003,6576600,7009032,4834550,8965034,7549521,13251282,749118,6956864,2897771,6021663,0,0,0,0,0,2125025,8,8,0,,346,384,13,13,28,28,10,21,21
61506313,bills,2003,6608682,3775433,2408600,5763099,7518780,14131541,1535528,3208126,2547166,8547358,0,0,0,0,0,5462000,6,10,0,,243,279,30,30,5,2,31,20,17
57267772,broncos,2003,3525353,2656736,8507267,1637265,8388630,13128419,1742800,3004354,3256618,9568297,0,0,0,0,0,1852033,10,6,0,Lost WC,381,301,10,7,9,4,22,9,1
58903960,browns,2003,9024094,4306509,9210152,8239265,3951076,10474930,2275518,1657390,1862397,3023163,0,0,0,0,0,4879466,5,11,0,,254,322,29,26,12,15,28,24,25
65984327,buccaneers,2003,6139966,4813157,5241018,9449606,6600033,7449551,1582185,6117317,2255757,10206930,0,0,0,0,0,6128807,7,9,0,,301,264,18,10,4,5,10,14,4
65957372,cardinals,2003,3275734,8291576,3682100,4276925,4844349,21513468,1732559,7861104,2809004,3388153,0,0,0,0,0,4282400,4,12,0,,225,452,32,27,32,26,30,32,28
56065692,chargers,2003,4552900,4322140,7499992,6438164,4028516,10621094,1696700,5220766,3910366,5677513,0,0,0,0,0,2097541,4,12,0,,313,441,16,14,31,27,28,30,24
61278843,chiefs,2003,4073942,4929394,5453473,4450584,4534823,15322836,1232000,5922168,4088404,4496553,0,0,0,0,0,6774666,13,3,0,Lost Div,484,332,1,2,19,29,1,1,16
67832617,colts,2003,16153833,3913299,8183730,2225733,3882678,9810391,1674128,5471861,3530094,10681474,0,0,0,0,0,2305396,12,4,0,Lost Conf,447,336,2,3,20,11,6,4,3
62880663,cowboys,2003,1938347,4529562,6884818,4605750,8406087,15380217,938000,2252349,3112000,8813414,0,0,0,0,0,6020119,10,6,0,Lost WC,289,260,21,15,2,1,22,15,2
64557935,dolphins,2003,3414925,16264684,10931138,3874300,7231229,7460643,1747254,4748853,1266375,3936934,0,0,0,0,0,3681600,10,6,0,,311,261,17,24,3,10,10,12,19
77870596,eagles,2003,11412390,10620383,5911340,6333478,7053433,14568813,1159700,4350499,2378871,6055648,0,0,0,0,0,8026041,12,4,0,Lost Conf,374,287,11,18,7,20,8,8,20
64607406,falcons,2003,6811257,9616749,11808383,3329400,6738347,9904946,1385600,5694577,2251400,3504888,0,0,0,0,0,3561859,5,11,0,,299,422,20,29,30,32,14,28,31
61563352,giants,2003,6418033,3423486,8563088,6083668,8368481,5338197,1936400,7634333,2533877,7032804,0,0,0,0,0,4230985,4,12,0,,243,387,30,20,29,22,31,31,23
61980519,jaguars,2003,10982871,4558490,7780316,3620310,5199736,6531060,926613,5371120,4584450,8123412,0,0,0,0,0,4302141,5,11,0,,276,331,25,12,18,6,22,22,7
69065682,jets,2003,11607254,5603695,5679500,8216322,9615136,8974607,953900,6542203,2075428,7498471,0,0,0,0,0,2299166,6,10,0,,283,299,23,19,8,21,14,18,22
62617132,lions,2003,3537066,4893077,10277311,6738977,5591805,6902443,2340497,9126984,2652650,7391850,0,0,0,0,0,3164472,5,11,0,,270,379,26,32,25,24,14,26,29
64392752,packers,2003,9944799,4648676,8725159,4523851,3978308,11541884,2206600,6446166,1976550,4642694,0,0,0,0,0,5758065,10,6,0,Lost Div,442,307,4,4,11,17,14,2,8
62824705,panthers,2003,6948666,3677441,6114833,3096784,5245054,14288182,2545987,4572333,2210740,9064916,0,0,0,0,0,5059769,11,5,0,Lost SB,325,304,15,16,10,8,25,16,11
68501114,patriots,2003,4686183,10215190,2526056,6607600,14099032,11850381,2414205,4503935,2827839,5411757,0,0,0,0,0,3358936,14,2,0,Won SB,348,238,12,17,1,7,2,6,14
62091327,raiders,2003,4914806,7951134,4192664,5424719,4434348,16000727,1562090,6542280,1431688,6402805,0,0,0,0,0,3234066,4,12,0,,270,379,26,25,25,30,18,26,30
70423908,rams,2003,9570886,2191774,6322132,4913100,4061430,17228362,1806500,3304135,956700,12126189,0,0,0,0,0,7942700,12,4,0,Lost Div,447,328,2,9,17,16,7,3,12
67135713,ravens,2003,3024200,9064333,2167024,1021800,13765877,16229607,2110866,8153749,4686259,4868199,0,0,0,0,0,2043799,10,6,0,Lost WC,391,281,8,21,6,3,9,6,10
55224442,redskins,2003,1295547,5614732,8480607,4271518,9503365,11060574,1779800,3332121,1211953,6112825,0,0,0,0,0,2561400,5,11,0,,287,372,22,23,24,25,10,25,27
59494627,saints,2003,4998039,6082734,3246558,2697055,5695056,10975555,1744900,3004462,6901294,9712630,0,0,0,0,0,4436344,8,8,0,,340,326,14,11,14,18,18,17,15
74952979,seahawks,2003,8274397,5098699,6120283,10474933,13781098,14770443,687833,3827945,2030873,4898142,0,0,0,0,0,4988333,10,6,0,Lost WC,404,327,7,6,15,19,18,10,13
69137908,steelers,2003,1855566,11520818,6149849,1971349,12534808,13342134,1291733,7188903,3534733,5957474,0,0,0,0,0,3790541,6,10,0,,300,327,19,22,15,9,21,19,18
63014649,texans,2003,4292714,10484362,7212141,5336482,12538733,8036322,1752200,3289982,1746714,6104157,0,0,0,0,0,2220842,5,11,0,,255,380,28,31,27,31,25,29,32
67640325,titans,2003,5599940,6204291,9545136,2665317,3422253,17837162,2490329,7783446,3857268,4913566,0,0,0,0,0,3321617,12,4,0,Lost Div,435,324,5,8,13,12,3,4,9
73499072,vikings,2003,6126871,6237633,6495379,6865400,9218865,16820077,734226,3578054,4740842,9631536,0,0,0,0,0,3050189,9,7,0,,416,353,6,1,23,23,5,11,5
52091239,49ers,2002,3061509,3794700,4173184,8629474,5057971,8815904,401176,4158091,1075893,9802298,0,0,0,0,0,3121039,10,6,0,Lost Div,367,351,13,8,18,14,8,17,10
61048108,bears,2002,2953908,6344262,9384396,5368248,5616844,12554933,1303416,3309049,1163366,9092136,0,0,0,0,0,3957550,4,12,0,,281,379,27,29,25,25,23,27,29
64025218,bengals,2002,6285970,3564676,6666407,6309918,8046544,13956903,1022849,7325406,1514287,6208603,0,0,0,0,0,3123655,2,14,0,,279,456,28,18,32,17,30,32,18
48204329,bills,2002,6278600,3797607,2387229,3981470,4151522,10472970,780130,3648333,4897218,5742120,0,0,0,0,0,2067130,8,8,0,,379,397,11,11,27,15,28,20,13
59904843,broncos,2002,4465346,5350055,6005747,4977552,6090384,11196796,1663931,5355847,3157669,9081257,0,0,0,0,0,2560259,9,7,0,,392,344,7,3,15,6,21,8,1
65062632,browns,2002,7127490,4994373,5636052,6250915,12878945,12332876,2143420,2541435,2223953,4536376,0,0,0,0,0,4396797,9,7,0,Lost WC,344,320,19,23,10,21,18,15,21
62825519,buccaneers,2002,8009270,3462283,7150605,8895752,6975027,8995657,1503695,3967311,2046983,7607000,0,0,0,0,0,4211936,12,4,0,Won SB,346,196,18,24,1,1,1,2,4
64053903,cardinals,2002,9295232,6065095,2237286,2685360,7479808,15939206,1178995,4515800,1945799,7929242,0,0,0,0,0,4782080,5,11,0,,262,417,29,27,29,29,27,31,30
54094076,chargers,2002,4710372,7570199,6779234,943448,8734146,8592369,1377790,2677970,1041776,7116794,0,0,0,0,0,4549978,8,8,0,,333,367,20,16,22,30,13,21,26
54240514,chiefs,2002,3356686,7613081,5267319,4453130,5778059,10378959,1509452,5025338,2595685,4346806,0,0,0,0,0,3915999,8,8,0,,467,399,1,4,28,32,3,7,19
59566128,colts,2002,10886283,2973566,9397604,2583699,4311370,10501117,1415430,5663244,2772573,6788715,0,0,0,0,0,2272527,10,6,0,Lost WC,349,313,17,9,7,8,21,13,8
61709529,cowboys,2002,1362493,1696906,4987958,4252400,6003684,13872252,357353,12018459,2692353,9474693,0,0,0,0,0,4990978,5,11,0,,217,329,31,30,13,18,20,28,28
58873712,dolphins,2002,2808295,10787231,7628413,2252620,10552875,9583010,2392296,2465734,1475305,5825997,0,0,0,0,0,3101936,9,7,0,,378,301,12,15,4,3,15,5,7
70512932,eagles,2002,10248140,9283060,7284206,5338245,6886672,12542937,1243121,5172649,2063690,5230146,0,0,0,0,0,5220066,12,4,0,Lost Conf,415,241,4,10,2,4,4,1,6
52849130,falcons,2002,3190960,9149092,9803853,4261320,3320109,8083192,1204230,4806182,2800550,3588002,0,0,0,0,0,2641640,9,6,1,Lost Div,402,314,5,14,8,19,5,4,16
60711876,giants,2002,8602239,5059483,13929836,4875371,5201745,5597250,753960,4615746,2156308,7651871,0,0,0,0,0,2268067,10,6,0,Lost WC,320,279,22,6,3,9,18,12,5
47120756,jaguars,2002,9034690,4144157,2057021,4292724,2873122,9780579,356991,3919095,775550,7167524,0,0,0,0,0,2719303,6,10,0,,328,315,21,25,9,20,5,18,24
60970186,jets,2002,7384192,4429092,2368600,4063876,8548974,11900710,1928600,10374912,1805028,5848236,0,0,0,0,0,2317966,9,7,0,Lost Div,359,336,15,22,14,24,11,16,23
51362697,lions,2002,3891580,2680966,6198525,7382001,6014198,7089354,1941970,5112007,1452866,5891659,0,0,0,0,0,3707571,3,13,0,,306,451,26,28,31,31,23,30,31
50081558,packers,2002,6668272,6333508,5561235,2732971,3979550,8495356,1656160,4201372,1850179,4502710,0,0,0,0,0,4100245,12,4,0,Lost WC,398,328,6,12,12,12,1,6,9
50695381,panthers,2002,1598790,2339958,3927293,9046204,5026539,8166243,2190932,2971993,4017329,7632967,0,0,0,0,0,3777133,7,9,0,,258,302,30,31,5,2,23,23,22
49769100,patriots,2002,2129713,7488879,9483745,762540,7331231,6555360,2148846,3850630,2576101,2717287,0,0,0,0,0,4724768,9,7,0,,381,346,10,21,17,23,10,14,20
63182568,raiders,2002,4745135,7972181,6047665,5125572,3175186,12241744,2450690,8191110,1742491,8092648,0,0,0,0,0,3398146,11,5,0,Lost SB,450,304,2,1,6,11,5,3,2
55718733,rams,2002,5288595,4089573,3070560,3126960,4276593,16654157,1650810,7168402,1905356,4038551,0,0,0,0,0,4449176,7,9,0,,316,369,23,13,23,13,32,25,11
44895437,ravens,2002,1275766,3640284,6386912,604240,10489793,10220107,1377746,3534855,1740093,3642972,0,0,0,0,0,1982669,7,9,0,,316,354,23,26,19,22,17,22,27
52198263,redskins,2002,1992060,5198424,4735623,5844249,8818698,8702258,999969,7273319,1544703,3080505,0,0,0,0,0,4008455,7,9,0,,307,365,25,20,21,5,29,26,14
46150384,saints,2002,2402189,3500003,2269040,6474506,5600613,11905013,927520,2640926,2263070,6474684,0,0,0,0,0,1692820,9,7,0,,432,388,3,19,26,27,9,10,25
61706796,seahawks,2002,4179289,6362212,2551255,8859491,9617418,12698700,1367040,2899721,1821432,3333905,0,0,0,0,0,8016333,7,9,0,,355,369,16,7,23,28,14,19,17
64486967,steelers,2002,8000040,7073563,4181969,1863671,7471288,11993782,1869286,6126799,4776587,5766849,0,0,0,0,0,5363133,10,5,1,Lost Div,390,345,8,5,16,7,15,9,3
67071104,texans,2002,3714180,17902419,6007840,3260072,8001458,13713710,1511480,2287159,1467308,7398891,0,0,0,0,0,1806587,4,12,0,,213,356,32,32,20,16,26,29,32
58301444,titans,2002,5248236,5061559,5539836,3961196,6414595,9779890,2600910,7056211,3359674,5866729,0,0,0,0,0,3412608,11,5,0,Lost Conf,367,324,13,17,11,10,11,11,15
40122423,vikings,2002,2990063,1304267,3857993,4148808,4706384,7928748,1030402,3661776,2210300,5819636,0,0,0,0,0,2464046,6,10,0,,390,442,8,2,30,26,31,24,12
